Id,y,x1,x2,x3,x4,x5
0,0,0.019999999999999907,0.04999999999999993,-0.09000000000000008,-0.43000000000000005,-0.08000000000000007
1,0,-0.13000000000000006,0.10999999999999999,-0.08000000000000007,-0.29000000000000004,-0.030000000000000027
2,0,0.07999999999999996,0.05999999999999994,-0.07000000000000006,-0.41000000000000003,-0.030000000000000027
3,0,0.019999999999999907,-0.12000000000000005,0.009999999999999898,-0.43000000000000005,-0.020000000000000018
4,1,-0.14000000000000007,-0.12000000000000005,-0.08000000000000007,-0.020000000000000018,-0.08000000000000007
5,1,-0.050000000000000044,-0.16000000000000003,0.0,-0.39,-0.07000000000000006
6,0,-0.06000000000000005,-0.020000000000000018,-0.08000000000000007,0.08999999999999997,-0.030000000000000027
7,0,-0.08000000000000007,-0.11000000000000004,0.029999999999999916,-0.36000000000000004,0.019999999999999907
8,1,-0.010000000000000009,-0.06000000000000005,0.09999999999999998,-0.20000000000000007,-0.07000000000000006
9,0,-0.16000000000000003,-0.17000000000000004,0.039999999999999925,-0.41000000000000003,0.019999999999999907
10,1,-0.13000000000000006,-0.17000000000000004,-0.020000000000000018,-0.3500000000000001,-0.030000000000000027
11,1,-0.14000000000000007,-0.19000000000000006,0.029999999999999916,-0.36000000000000004,-0.040000000000000036
12,1,-0.16000000000000003,-0.14000000000000007,0.009999999999999898,-0.21000000000000008,-0.030000000000000027
13,1,0.039999999999999925,-0.16000000000000003,-0.040000000000000036,-0.10000000000000003,-0.030000000000000027
14,0,0.09999999999999998,-0.010000000000000009,-0.11000000000000004,-0.37000000000000005,-0.10000000000000003
15,1,-0.10000000000000003,-0.12000000000000005,-0.040000000000000036,-0.45000000000000007,-0.06000000000000005
16,1,-0.09000000000000008,-0.17000000000000004,-0.06000000000000005,-0.45000000000000007,-0.07000000000000006
17,0,0.019999999999999907,-0.09000000000000008,-0.020000000000000018,-0.45000000000000007,-0.050000000000000044
18,1,-0.06000000000000005,-0.22000000000000003,-0.010000000000000009,-0.3500000000000001,-0.07000000000000006
19,0,0.04999999999999993,0.039999999999999925,-0.010000000000000009,-0.3500000000000001,-0.06000000000000005
20,1,-0.11000000000000004,-0.16000000000000003,-0.06000000000000005,-0.4,-0.06000000000000005
21,0,-0.13000000000000006,-0.12000000000000005,-0.08000000000000007,-0.3400000000000001,-0.050000000000000044
22,0,0.16999999999999993,0.06999999999999995,-0.14000000000000007,-0.26000000000000006,-0.07000000000000006
23,0,-0.13000000000000006,-0.030000000000000027,-0.040000000000000036,-0.43000000000000005,-0.010000000000000009
24,0,-0.10000000000000003,-0.030000000000000027,-0.040000000000000036,-0.41000000000000003,0.019999999999999907
25,0,-0.050000000000000044,-0.050000000000000044,-0.040000000000000036,-0.050000000000000044,-0.020000000000000018
26,0,0.029999999999999916,-0.11000000000000004,-0.030000000000000027,-0.37000000000000005,0.029999999999999916
27,1,0.009999999999999898,-0.09000000000000008,0.039999999999999925,-0.38000000000000006,-0.050000000000000044
28,0,0.06999999999999995,0.10999999999999999,0.009999999999999898,-0.32000000000000006,-0.07000000000000006
29,0,0.24,0.31999999999999995,-0.20000000000000007,-0.17000000000000004,0.0
30,0,-0.030000000000000027,-0.020000000000000018,-0.13000000000000006,-0.4600000000000001,0.009999999999999898
31,0,-0.050000000000000044,-0.050000000000000044,-0.13000000000000006,0.30999999999999994,-0.040000000000000036
32,0,-0.18000000000000005,0.04999999999999993,0.04999999999999993,-0.44000000000000006,-0.030000000000000027
33,0,-0.23000000000000004,-0.010000000000000009,-0.050000000000000044,-0.13000000000000006,-0.050000000000000044
34,0,0.21999999999999997,0.17999999999999994,-0.14000000000000007,-0.30000000000000004,-0.13000000000000006
35,1,0.17999999999999994,0.10999999999999999,-0.09000000000000008,-0.22000000000000003,-0.14000000000000007
36,0,0.15999999999999992,0.04999999999999993,-0.11000000000000004,-0.26000000000000006,-0.020000000000000018
37,0,-0.16000000000000003,-0.11000000000000004,0.009999999999999898,-0.38000000000000006,0.0
38,0,0.029999999999999916,-0.030000000000000027,-0.13000000000000006,-0.12000000000000005,-0.06000000000000005
39,0,0.009999999999999898,-0.030000000000000027,-0.030000000000000027,-0.22000000000000003,-0.030000000000000027
40,0,0.29999999999999993,0.12,-0.17000000000000004,-0.32000000000000006,-0.020000000000000018
41,0,0.29999999999999993,0.17999999999999994,-0.050000000000000044,-0.16000000000000003,-0.010000000000000009
42,0,0.22999999999999998,0.009999999999999898,-0.15000000000000008,-0.28,0.029999999999999916
43,0,-0.15000000000000008,-0.020000000000000018,-0.17000000000000004,-0.36000000000000004,-0.050000000000000044
44,1,-0.19000000000000006,-0.20000000000000007,0.0,-0.38000000000000006,-0.08000000000000007
45,1,-0.030000000000000027,-0.25000000000000006,0.019999999999999907,-0.17000000000000004,-0.09000000000000008
46,1,0.17999999999999994,0.18999999999999995,0.019999999999999907,-0.09000000000000008,-0.16000000000000003
47,1,-0.07000000000000006,-0.17000000000000004,-0.040000000000000036,-0.2700000000000001,-0.08000000000000007
48,0,0.17999999999999994,0.009999999999999898,-0.050000000000000044,-0.28,0.019999999999999907
49,1,-0.14000000000000007,-0.32000000000000006,-0.22000000000000003,-0.4,-0.06000000000000005
50,1,-0.08000000000000007,-0.17000000000000004,-0.050000000000000044,-0.3500000000000001,-0.040000000000000036
51,0,-0.15000000000000008,-0.030000000000000027,-0.11000000000000004,-0.42000000000000004,-0.040000000000000036
52,0,-0.11000000000000004,-0.10000000000000003,-0.010000000000000009,-0.13000000000000006,-0.010000000000000009
53,1,0.0,-0.08000000000000007,0.019999999999999907,-0.29000000000000004,-0.050000000000000044
54,1,0.07999999999999996,0.029999999999999916,0.0,-0.33000000000000007,-0.10000000000000003
55,1,0.07999999999999996,0.0,0.0,-0.3400000000000001,-0.11000000000000004
56,0,0.09999999999999998,0.05999999999999994,-0.07000000000000006,-0.4600000000000001,-0.07000000000000006
57,0,-0.030000000000000027,-0.12000000000000005,-0.050000000000000044,-0.23000000000000004,-0.010000000000000009
58,0,-0.18000000000000005,-0.07000000000000006,-0.030000000000000027,-0.37000000000000005,-0.06000000000000005
59,0,-0.11000000000000004,0.019999999999999907,-0.08000000000000007,0.10999999999999999,-0.040000000000000036
60,1,-0.13000000000000006,-0.21000000000000008,-0.040000000000000036,-0.040000000000000036,-0.020000000000000018
61,1,-0.19000000000000006,-0.24000000000000005,-0.09000000000000008,-0.38000000000000006,-0.11000000000000004
62,1,-0.08000000000000007,-0.13000000000000006,-0.050000000000000044,-0.24000000000000005,-0.040000000000000036
63,0,-0.15000000000000008,-0.10000000000000003,0.029999999999999916,-0.37000000000000005,0.019999999999999907
64,0,-0.020000000000000018,-0.08000000000000007,-0.12000000000000005,-0.48000000000000004,-0.040000000000000036
65,0,0.039999999999999925,-0.09000000000000008,-0.11000000000000004,-0.3400000000000001,-0.050000000000000044
66,0,-0.22000000000000003,-0.10000000000000003,0.009999999999999898,-0.4700000000000001,-0.010000000000000009
67,0,-0.08000000000000007,-0.020000000000000018,-0.010000000000000009,-0.44000000000000006,-0.050000000000000044
68,1,-0.09000000000000008,-0.17000000000000004,0.029999999999999916,-0.41000000000000003,0.009999999999999898
69,0,0.25,0.2899999999999999,-0.09000000000000008,-0.19000000000000006,0.0
70,0,-0.08000000000000007,-0.14000000000000007,-0.040000000000000036,-0.32000000000000006,0.0
71,0,0.019999999999999907,-0.050000000000000044,-0.07000000000000006,-0.29000000000000004,0.009999999999999898
72,0,0.039999999999999925,-0.06000000000000005,-0.12000000000000005,0.04999999999999993,-0.09000000000000008
73,0,-0.11000000000000004,-0.010000000000000009,-0.020000000000000018,0.09999999999999998,-0.09000000000000008
74,1,-0.10000000000000003,-0.07000000000000006,0.019999999999999907,-0.33000000000000007,-0.12000000000000005
75,1,-0.07000000000000006,-0.14000000000000007,0.0,-0.010000000000000009,-0.14000000000000007
76,0,0.06999999999999995,-0.030000000000000027,-0.020000000000000018,-0.16000000000000003,-0.06000000000000005
77,0,-0.06000000000000005,-0.020000000000000018,-0.030000000000000027,-0.020000000000000018,-0.050000000000000044
78,1,0.06999999999999995,0.009999999999999898,0.029999999999999916,-0.16000000000000003,-0.18000000000000005
79,0,-0.13000000000000006,0.009999999999999898,-0.050000000000000044,-0.07000000000000006,-0.08000000000000007
80,0,-0.08000000000000007,-0.11000000000000004,-0.010000000000000009,-0.06000000000000005,-0.030000000000000027
81,0,-0.06000000000000005,0.019999999999999907,-0.10000000000000003,-0.10000000000000003,-0.10000000000000003
82,0,-0.050000000000000044,-0.020000000000000018,0.039999999999999925,0.009999999999999898,0.019999999999999907
83,1,-0.020000000000000018,-0.040000000000000036,0.06999999999999995,-0.19000000000000006,-0.10000000000000003
84,0,0.10999999999999999,0.05999999999999994,-0.16000000000000003,-0.13000000000000006,-0.06000000000000005
85,0,-0.28,0.019999999999999907,-0.3500000000000001,-0.43000000000000005,-0.050000000000000044
86,0,-0.17000000000000004,-0.12000000000000005,-0.21000000000000008,-0.4,-0.010000000000000009
87,0,0.24,0.06999999999999995,-0.11000000000000004,-0.2700000000000001,-0.050000000000000044
88,1,-0.06000000000000005,-0.040000000000000036,0.029999999999999916,-0.26000000000000006,-0.050000000000000044
89,0,-0.14000000000000007,-0.09000000000000008,-0.040000000000000036,-0.15000000000000008,-0.030000000000000027
90,1,-0.20000000000000007,-0.10000000000000003,0.05999999999999994,-0.10000000000000003,-0.050000000000000044
91,1,-0.10000000000000003,-0.18000000000000005,-0.09000000000000008,-0.3400000000000001,-0.040000000000000036
92,1,-0.16000000000000003,-0.11000000000000004,0.0,-0.36000000000000004,-0.11000000000000004
93,1,-0.23000000000000004,-0.13000000000000006,0.07999999999999996,-0.4,-0.040000000000000036
94,0,-0.07000000000000006,0.04999999999999993,-0.07000000000000006,-0.31000000000000005,-0.06000000000000005
95,1,-0.18000000000000005,-0.06000000000000005,-0.19000000000000006,-0.30000000000000004,-0.13000000000000006
96,0,0.1299999999999999,0.1399999999999999,-0.040000000000000036,-0.20000000000000007,-0.10000000000000003
97,0,0.04999999999999993,0.15999999999999992,-0.17000000000000004,-0.23000000000000004,0.019999999999999907
98,0,0.21999999999999997,0.18999999999999995,-0.16000000000000003,-0.28,-0.030000000000000027
99,1,0.07999999999999996,0.009999999999999898,0.009999999999999898,-0.29000000000000004,-0.19000000000000006
100,0,-0.20000000000000007,0.019999999999999907,-0.21000000000000008,-0.32000000000000006,-0.12000000000000005
101,0,-0.20000000000000007,-0.13000000000000006,-0.17000000000000004,-0.44000000000000006,-0.07000000000000006
102,1,-0.09000000000000008,-0.040000000000000036,-0.06000000000000005,-0.16000000000000003,-0.15000000000000008
103,1,-0.08000000000000007,-0.33000000000000007,0.009999999999999898,-0.29000000000000004,-0.08000000000000007
104,1,-0.09000000000000008,-0.17000000000000004,-0.010000000000000009,-0.32000000000000006,-0.09000000000000008
105,0,-0.12000000000000005,0.029999999999999916,-0.20000000000000007,-0.4,-0.040000000000000036
106,1,-0.14000000000000007,-0.21000000000000008,-0.020000000000000018,-0.38000000000000006,0.0
107,0,-0.26000000000000006,0.0,-0.010000000000000009,-0.38000000000000006,-0.06000000000000005
108,0,0.08999999999999997,0.08999999999999997,-0.040000000000000036,-0.4,0.039999999999999925
109,0,-0.29000000000000004,0.039999999999999925,-0.08000000000000007,-0.33000000000000007,-0.010000000000000009
110,1,-0.11000000000000004,-0.15000000000000008,-0.06000000000000005,-0.10000000000000003,-0.06000000000000005
111,0,-0.12000000000000005,-0.040000000000000036,-0.15000000000000008,-0.33000000000000007,-0.050000000000000044
112,1,-0.26000000000000006,-0.24000000000000005,0.009999999999999898,-0.37000000000000005,-0.08000000000000007
113,1,-0.16000000000000003,-0.12000000000000005,-0.07000000000000006,-0.09000000000000008,-0.07000000000000006
114,0,-0.11000000000000004,-0.050000000000000044,-0.06000000000000005,-0.4,-0.040000000000000036
115,0,-0.11000000000000004,-0.11000000000000004,-0.06000000000000005,0.039999999999999925,-0.07000000000000006
116,1,0.029999999999999916,0.10999999999999999,0.0,-0.15000000000000008,-0.09000000000000008
117,1,-0.09000000000000008,-0.09000000000000008,0.009999999999999898,-0.08000000000000007,-0.08000000000000007
118,1,-0.21000000000000008,-0.040000000000000036,-0.08000000000000007,-0.3400000000000001,-0.30000000000000004
119,1,-0.09000000000000008,-0.15000000000000008,0.09999999999999998,-0.30000000000000004,-0.030000000000000027
120,0,0.07999999999999996,0.05999999999999994,-0.2700000000000001,-0.28,-0.050000000000000044
121,0,-0.010000000000000009,-0.030000000000000027,-0.010000000000000009,-0.10000000000000003,-0.040000000000000036
122,0,0.10999999999999999,0.05999999999999994,-0.020000000000000018,-0.13000000000000006,-0.030000000000000027
123,0,0.029999999999999916,0.039999999999999925,-0.07000000000000006,-0.13000000000000006,-0.030000000000000027
124,0,-0.020000000000000018,-0.010000000000000009,-0.22000000000000003,-0.25000000000000006,-0.020000000000000018
125,0,0.019999999999999907,0.05999999999999994,-0.020000000000000018,-0.39,-0.08000000000000007
126,1,-0.16000000000000003,-0.18000000000000005,-0.030000000000000027,-0.4,-0.040000000000000036
127,0,-0.10000000000000003,0.1499999999999999,-0.08000000000000007,-0.030000000000000027,-0.030000000000000027
128,1,-0.030000000000000027,-0.050000000000000044,-0.010000000000000009,-0.51,-0.11000000000000004
129,1,-0.15000000000000008,-0.16000000000000003,0.029999999999999916,-0.09000000000000008,-0.08000000000000007
130,1,-0.06000000000000005,0.07999999999999996,0.009999999999999898,-0.41000000000000003,-0.09000000000000008
131,0,-0.16000000000000003,0.05999999999999994,-0.040000000000000036,-0.25000000000000006,-0.07000000000000006
132,1,0.039999999999999925,-0.06000000000000005,0.009999999999999898,-0.31000000000000005,-0.15000000000000008
133,0,0.05999999999999994,-0.050000000000000044,-0.040000000000000036,-0.14000000000000007,-0.020000000000000018
134,0,-0.21000000000000008,0.019999999999999907,-0.020000000000000018,-0.4,-0.050000000000000044
135,0,-0.22000000000000003,-0.020000000000000018,-0.06000000000000005,-0.3500000000000001,-0.020000000000000018
136,0,-0.17000000000000004,0.019999999999999907,-0.06000000000000005,-0.30000000000000004,-0.020000000000000018
137,0,-0.08000000000000007,-0.020000000000000018,-0.06000000000000005,-0.39,-0.030000000000000027
138,1,-0.2700000000000001,-0.24000000000000005,0.019999999999999907,-0.41000000000000003,-0.06000000000000005
139,1,-0.09000000000000008,-0.24000000000000005,0.07999999999999996,-0.26000000000000006,0.06999999999999995
140,1,-0.17000000000000004,-0.09000000000000008,0.0,-0.4,-0.09000000000000008
141,0,0.019999999999999907,-0.08000000000000007,-0.050000000000000044,-0.09000000000000008,-0.010000000000000009
142,1,0.07999999999999996,0.039999999999999925,0.009999999999999898,-0.37000000000000005,-0.13000000000000006
143,1,-0.19000000000000006,-0.10000000000000003,-0.16000000000000003,-0.29000000000000004,-0.11000000000000004
144,0,-0.13000000000000006,0.009999999999999898,-0.030000000000000027,-0.4,-0.020000000000000018
145,1,-0.28,-0.19000000000000006,0.04999999999999993,-0.4700000000000001,-0.040000000000000036
146,1,0.029999999999999916,-0.08000000000000007,-0.06000000000000005,-0.42000000000000004,-0.11000000000000004
147,0,-0.17000000000000004,-0.010000000000000009,-0.08000000000000007,-0.25000000000000006,-0.020000000000000018
148,1,-0.30000000000000004,-0.20000000000000007,-0.09000000000000008,-0.22000000000000003,-0.030000000000000027
149,1,-0.050000000000000044,-0.22000000000000003,-0.06000000000000005,-0.37000000000000005,-0.06000000000000005
150,0,0.019999999999999907,-0.06000000000000005,-0.06000000000000005,-0.44000000000000006,-0.08000000000000007
151,1,-0.12000000000000005,-0.17000000000000004,-0.030000000000000027,-0.42000000000000004,-0.020000000000000018
152,1,-0.15000000000000008,-0.17000000000000004,-0.12000000000000005,-0.22000000000000003,-0.08000000000000007
153,0,-0.11000000000000004,-0.13000000000000006,-0.050000000000000044,-0.32000000000000006,-0.020000000000000018
154,0,-0.20000000000000007,0.12,-0.10000000000000003,-0.4,-0.030000000000000027
155,1,-0.14000000000000007,-0.25000000000000006,-0.06000000000000005,-0.41000000000000003,-0.030000000000000027
156,1,-0.14000000000000007,-0.13000000000000006,0.0,-0.4600000000000001,-0.07000000000000006
157,0,0.10999999999999999,0.1499999999999999,-0.040000000000000036,0.08999999999999997,-0.030000000000000027
158,1,-0.07000000000000006,-0.09000000000000008,-0.030000000000000027,-0.4,-0.08000000000000007
159,0,0.1499999999999999,0.029999999999999916,-0.08000000000000007,-0.13000000000000006,0.029999999999999916
160,1,-0.16000000000000003,-0.14000000000000007,0.1499999999999999,-0.3500000000000001,-0.020000000000000018
161,1,-0.16000000000000003,-0.14000000000000007,0.1499999999999999,-0.3500000000000001,-0.020000000000000018
162,0,-0.020000000000000018,-0.07000000000000006,-0.07000000000000006,-0.36000000000000004,-0.040000000000000036
163,0,-0.14000000000000007,-0.050000000000000044,-0.06000000000000005,-0.44000000000000006,-0.040000000000000036
164,0,0.009999999999999898,-0.050000000000000044,-0.030000000000000027,-0.38000000000000006,0.0
165,0,-0.21000000000000008,-0.11000000000000004,-0.13000000000000006,-0.45000000000000007,0.0
166,1,-0.14000000000000007,-0.14000000000000007,-0.14000000000000007,-0.36000000000000004,-0.07000000000000006
167,0,-0.30000000000000004,-0.06000000000000005,-0.23000000000000004,-0.28,-0.050000000000000044
168,0,-0.17000000000000004,-0.14000000000000007,-0.18000000000000005,-0.16000000000000003,-0.07000000000000006
169,0,-0.30000000000000004,-0.12000000000000005,-0.26000000000000006,-0.45000000000000007,-0.050000000000000044
170,1,-0.25000000000000006,-0.12000000000000005,-0.030000000000000027,-0.33000000000000007,-0.050000000000000044
171,0,-0.08000000000000007,0.04999999999999993,-0.12000000000000005,-0.36000000000000004,-0.09000000000000008
172,1,0.09999999999999998,-0.11000000000000004,-0.06000000000000005,-0.33000000000000007,-0.07000000000000006
173,1,-0.3500000000000001,-0.15000000000000008,-0.010000000000000009,-0.45000000000000007,-0.06000000000000005
174,0,-0.18000000000000005,0.12,-0.12000000000000005,-0.11000000000000004,-0.030000000000000027
175,1,-0.12000000000000005,-0.18000000000000005,-0.08000000000000007,-0.24000000000000005,-0.030000000000000027
176,1,-0.25000000000000006,-0.25000000000000006,0.0,-0.23000000000000004,-0.040000000000000036
177,1,-0.07000000000000006,-0.25000000000000006,-0.07000000000000006,-0.21000000000000008,-0.050000000000000044
178,1,-0.18000000000000005,-0.19000000000000006,0.0,-0.3500000000000001,-0.07000000000000006
179,1,-0.17000000000000004,-0.16000000000000003,-0.030000000000000027,0.10999999999999999,-0.09000000000000008
180,1,-0.32000000000000006,-0.22000000000000003,0.1299999999999999,-0.38000000000000006,-0.040000000000000036
181,1,-0.07000000000000006,-0.13000000000000006,-0.050000000000000044,-0.43000000000000005,-0.09000000000000008
182,1,-0.020000000000000018,-0.18000000000000005,-0.040000000000000036,-0.38000000000000006,-0.08000000000000007
183,0,-0.13000000000000006,0.009999999999999898,-0.030000000000000027,-0.030000000000000027,-0.030000000000000027
184,0,-0.08000000000000007,0.07999999999999996,0.04999999999999993,-0.33000000000000007,0.039999999999999925
185,0,-0.25000000000000006,-0.010000000000000009,-0.040000000000000036,-0.39,-0.040000000000000036
186,0,-0.24000000000000005,0.009999999999999898,-0.06000000000000005,-0.41000000000000003,-0.030000000000000027
187,0,-0.24000000000000005,-0.14000000000000007,-0.040000000000000036,-0.32000000000000006,0.039999999999999925
188,0,0.029999999999999916,-0.06000000000000005,-0.040000000000000036,-0.28,-0.010000000000000009
189,0,-0.19000000000000006,-0.14000000000000007,-0.050000000000000044,-0.45000000000000007,0.009999999999999898
190,0,0.18999999999999995,0.1399999999999999,-0.18000000000000005,-0.29000000000000004,-0.07000000000000006
191,0,0.04999999999999993,0.15999999999999992,-0.25000000000000006,-0.23000000000000004,0.0
192,0,-0.12000000000000005,-0.14000000000000007,0.039999999999999925,-0.3500000000000001,0.009999999999999898
193,0,-0.040000000000000036,-0.050000000000000044,-0.050000000000000044,-0.020000000000000018,-0.010000000000000009
194,0,0.06999999999999995,0.0,-0.11000000000000004,0.019999999999999907,-0.050000000000000044
195,1,-0.040000000000000036,0.0,-0.020000000000000018,-0.030000000000000027,-0.11000000000000004
196,1,0.019999999999999907,0.019999999999999907,0.019999999999999907,-0.07000000000000006,-0.07000000000000006
197,0,0.15999999999999992,0.05999999999999994,-0.22000000000000003,-0.2700000000000001,0.0
198,0,0.15999999999999992,0.04999999999999993,-0.19000000000000006,-0.26000000000000006,0.009999999999999898
199,1,-0.10000000000000003,-0.13000000000000006,-0.18000000000000005,-0.23000000000000004,-0.08000000000000007
200,0,0.009999999999999898,0.009999999999999898,-0.12000000000000005,-0.19000000000000006,-0.040000000000000036
201,1,-0.14000000000000007,-0.25000000000000006,0.05999999999999994,-0.44000000000000006,-0.16000000000000003
202,0,-0.07000000000000006,-0.10000000000000003,-0.11000000000000004,-0.11000000000000004,-0.040000000000000036
203,0,-0.14000000000000007,0.019999999999999907,-0.15000000000000008,0.08999999999999997,-0.10000000000000003
204,0,0.029999999999999916,0.04999999999999993,-0.22000000000000003,-0.3400000000000001,-0.050000000000000044
205,0,-0.040000000000000036,0.20999999999999996,-0.18000000000000005,-0.22000000000000003,-0.050000000000000044
206,1,-0.06000000000000005,-0.040000000000000036,0.039999999999999925,-0.050000000000000044,-0.08000000000000007
207,1,-0.07000000000000006,0.039999999999999925,-0.13000000000000006,0.0,-0.20000000000000007
208,1,-0.06000000000000005,-0.15000000000000008,-0.12000000000000005,-0.06000000000000005,-0.14000000000000007
209,1,-0.06000000000000005,-0.16000000000000003,0.0,0.1399999999999999,-0.06000000000000005
210,0,-0.19000000000000006,0.019999999999999907,-0.12000000000000005,-0.050000000000000044,-0.12000000000000005
211,0,-0.010000000000000009,-0.11000000000000004,-0.11000000000000004,-0.020000000000000018,-0.06000000000000005
212,0,0.10999999999999999,0.12,-0.10000000000000003,-0.2700000000000001,-0.10000000000000003
213,0,-0.030000000000000027,-0.050000000000000044,-0.10000000000000003,-0.28,-0.08000000000000007
214,0,-0.21000000000000008,0.09999999999999998,-0.07000000000000006,-0.3500000000000001,-0.020000000000000018
215,1,-0.040000000000000036,-0.16000000000000003,0.039999999999999925,-0.44000000000000006,-0.010000000000000009
216,1,0.20999999999999996,0.22999999999999998,0.019999999999999907,-0.33000000000000007,-0.08000000000000007
217,0,-0.09000000000000008,-0.10000000000000003,0.029999999999999916,-0.07000000000000006,0.0
218,0,0.16999999999999993,0.2699999999999999,-0.13000000000000006,-0.26000000000000006,-0.010000000000000009
219,0,0.21999999999999997,0.17999999999999994,0.019999999999999907,-0.31000000000000005,-0.030000000000000027
220,0,0.1399999999999999,0.08999999999999997,-0.020000000000000018,-0.28,0.039999999999999925
221,0,-0.09000000000000008,-0.020000000000000018,-0.19000000000000006,-0.42000000000000004,-0.06000000000000005
222,1,0.0,-0.040000000000000036,-0.08000000000000007,-0.39,-0.10000000000000003
223,1,0.009999999999999898,-0.15000000000000008,0.029999999999999916,-0.32000000000000006,-0.16000000000000003
224,1,0.0,-0.15000000000000008,0.019999999999999907,-0.3500000000000001,-0.14000000000000007
225,0,0.019999999999999907,0.0,-0.11000000000000004,-0.44000000000000006,-0.050000000000000044
226,1,-0.030000000000000027,-0.18000000000000005,0.09999999999999998,-0.31000000000000005,-0.13000000000000006
227,1,-0.22000000000000003,-0.20000000000000007,-0.020000000000000018,-0.45000000000000007,-0.20000000000000007
228,0,0.1299999999999999,0.04999999999999993,-0.18000000000000005,-0.29000000000000004,-0.040000000000000036
229,1,-0.19000000000000006,-0.030000000000000027,0.039999999999999925,-0.37000000000000005,-0.14000000000000007
230,1,-0.15000000000000008,-0.11000000000000004,-0.030000000000000027,-0.39,-0.050000000000000044
231,1,-0.25000000000000006,-0.10000000000000003,-0.020000000000000018,-0.040000000000000036,-0.06000000000000005
232,0,-0.20000000000000007,-0.19000000000000006,-0.23000000000000004,-0.42000000000000004,0.009999999999999898
233,0,0.2599999999999999,0.21999999999999997,-0.07000000000000006,-0.33000000000000007,-0.10000000000000003
234,0,0.2599999999999999,0.18999999999999995,-0.020000000000000018,-0.33000000000000007,-0.10000000000000003
235,1,-0.15000000000000008,-0.050000000000000044,0.019999999999999907,-0.41000000000000003,-0.11000000000000004
236,1,-0.18000000000000005,-0.050000000000000044,0.18999999999999995,-0.39,-0.010000000000000009
237,1,-0.18000000000000005,-0.050000000000000044,0.18999999999999995,-0.39,-0.010000000000000009
238,1,-0.030000000000000027,-0.12000000000000005,-0.050000000000000044,-0.23000000000000004,-0.040000000000000036
239,0,-0.10000000000000003,-0.020000000000000018,0.1499999999999999,-0.41000000000000003,0.029999999999999916
240,0,-0.16000000000000003,0.0,-0.08000000000000007,-0.42000000000000004,-0.09000000000000008
241,1,-0.030000000000000027,-0.030000000000000027,0.039999999999999925,-0.43000000000000005,-0.07000000000000006
242,0,-0.14000000000000007,0.009999999999999898,0.15999999999999992,-0.3400000000000001,0.009999999999999898
243,1,-0.11000000000000004,-0.29000000000000004,0.009999999999999898,-0.20000000000000007,-0.040000000000000036
244,1,-0.36000000000000004,-0.30000000000000004,-0.040000000000000036,-0.42000000000000004,-0.030000000000000027
245,0,-0.050000000000000044,-0.030000000000000027,-0.010000000000000009,-0.42000000000000004,-0.050000000000000044
246,0,-0.12000000000000005,0.12,-0.11000000000000004,-0.050000000000000044,-0.040000000000000036
247,1,-0.29000000000000004,-0.17000000000000004,0.09999999999999998,-0.45000000000000007,-0.12000000000000005
248,0,-0.010000000000000009,-0.14000000000000007,-0.22000000000000003,-0.26000000000000006,-0.040000000000000036
249,0,-0.22000000000000003,-0.14000000000000007,-0.26000000000000006,-0.33000000000000007,-0.030000000000000027
250,0,-0.12000000000000005,-0.030000000000000027,-0.040000000000000036,-0.33000000000000007,-0.050000000000000044
251,0,0.029999999999999916,0.019999999999999907,0.0,-0.3500000000000001,-0.020000000000000018
252,1,-0.17000000000000004,-0.28,-0.10000000000000003,-0.44000000000000006,-0.15000000000000008
253,1,0.0,-0.13000000000000006,-0.020000000000000018,-0.4,-0.06000000000000005
254,0,-0.20000000000000007,0.12,-0.18000000000000005,-0.48000000000000004,-0.030000000000000027
255,1,-0.29000000000000004,-0.20000000000000007,0.039999999999999925,-0.23000000000000004,-0.19000000000000006
256,1,-0.21000000000000008,-0.16000000000000003,0.029999999999999916,-0.3400000000000001,-0.09000000000000008
257,1,-0.14000000000000007,-0.24000000000000005,-0.06000000000000005,-0.3500000000000001,-0.050000000000000044
258,1,-0.33000000000000007,-0.36000000000000004,-0.030000000000000027,-0.36000000000000004,-0.12000000000000005
259,0,-0.010000000000000009,-0.020000000000000018,0.0,-0.3400000000000001,-0.06000000000000005
260,1,-0.20000000000000007,-0.32000000000000006,-0.07000000000000006,-0.4,-0.050000000000000044
261,1,-0.18000000000000005,-0.08000000000000007,0.029999999999999916,-0.3400000000000001,-0.10000000000000003
262,0,0.24,-0.10000000000000003,-0.06000000000000005,-0.41000000000000003,-0.030000000000000027
263,0,0.039999999999999925,0.0,-0.09000000000000008,-0.36000000000000004,-0.06000000000000005
264,1,-0.15000000000000008,-0.32000000000000006,-0.020000000000000018,-0.30000000000000004,-0.15000000000000008
265,0,-0.09000000000000008,0.08999999999999997,-0.020000000000000018,0.05999999999999994,-0.030000000000000027
266,1,-0.13000000000000006,-0.17000000000000004,-0.020000000000000018,-0.42000000000000004,-0.09000000000000008
267,0,-0.06000000000000005,-0.050000000000000044,-0.040000000000000036,-0.4700000000000001,-0.08000000000000007
268,0,-0.030000000000000027,0.04999999999999993,-0.040000000000000036,-0.3500000000000001,-0.010000000000000009
269,0,-0.020000000000000018,-0.14000000000000007,-0.15000000000000008,-0.4,-0.040000000000000036
270,1,-0.10000000000000003,-0.21000000000000008,-0.030000000000000027,-0.4,-0.050000000000000044
271,0,-0.10000000000000003,-0.13000000000000006,-0.07000000000000006,0.22999999999999998,-0.07000000000000006
272,0,-0.050000000000000044,-0.010000000000000009,-0.21000000000000008,-0.4,-0.050000000000000044
273,0,0.0,-0.040000000000000036,-0.010000000000000009,-0.37000000000000005,-0.020000000000000018
274,1,0.04999999999999993,-0.26000000000000006,0.029999999999999916,-0.44000000000000006,-0.07000000000000006
275,0,-0.19000000000000006,-0.030000000000000027,-0.10000000000000003,-0.33000000000000007,-0.09000000000000008
276,0,0.2699999999999999,0.019999999999999907,-0.23000000000000004,-0.52,-0.030000000000000027
277,0,-0.17000000000000004,-0.11000000000000004,-0.030000000000000027,-0.38000000000000006,-0.020000000000000018
278,0,-0.040000000000000036,-0.020000000000000018,-0.06000000000000005,-0.3500000000000001,-0.08000000000000007
279,1,-0.21000000000000008,-0.17000000000000004,0.009999999999999898,-0.45000000000000007,-0.08000000000000007
280,0,-0.20000000000000007,-0.07000000000000006,-0.26000000000000006,-0.3400000000000001,-0.040000000000000036
281,0,0.21999999999999997,0.1399999999999999,-0.24000000000000005,-0.33000000000000007,-0.030000000000000027
282,0,-0.010000000000000009,-0.10000000000000003,-0.030000000000000027,-0.45000000000000007,-0.040000000000000036
283,0,-0.11000000000000004,0.0,-0.020000000000000018,-0.24000000000000005,0.009999999999999898
284,0,-0.11000000000000004,0.0,-0.030000000000000027,-0.24000000000000005,0.009999999999999898
285,0,-0.2700000000000001,-0.13000000000000006,-0.16000000000000003,-0.41000000000000003,-0.030000000000000027
286,0,-0.040000000000000036,0.18999999999999995,-0.19000000000000006,-0.42000000000000004,-0.10000000000000003
287,0,0.1499999999999999,0.0,-0.17000000000000004,-0.29000000000000004,-0.040000000000000036
288,0,0.019999999999999907,0.039999999999999925,-0.13000000000000006,-0.44000000000000006,-0.010000000000000009
289,0,-0.020000000000000018,0.08999999999999997,-0.07000000000000006,-0.22000000000000003,-0.040000000000000036
290,0,0.009999999999999898,0.029999999999999916,-0.12000000000000005,-0.4,-0.040000000000000036
291,0,0.029999999999999916,0.019999999999999907,-0.10000000000000003,-0.37000000000000005,0.0
292,0,0.36,0.04999999999999993,-0.16000000000000003,-0.3400000000000001,-0.020000000000000018
293,0,-0.010000000000000009,0.0,-0.11000000000000004,-0.42000000000000004,-0.020000000000000018
294,0,0.06999999999999995,0.04999999999999993,-0.15000000000000008,-0.3400000000000001,-0.050000000000000044
295,0,0.019999999999999907,-0.030000000000000027,-0.18000000000000005,-0.38000000000000006,-0.040000000000000036
296,0,-0.20000000000000007,-0.10000000000000003,-0.13000000000000006,-0.37000000000000005,-0.08000000000000007
297,0,-0.24000000000000005,-0.09000000000000008,-0.010000000000000009,-0.44000000000000006,-0.040000000000000036
298,1,-0.22000000000000003,-0.18000000000000005,-0.11000000000000004,-0.37000000000000005,-0.050000000000000044
299,0,0.05999999999999994,0.019999999999999907,-0.10000000000000003,-0.43000000000000005,-0.030000000000000027
300,0,-0.030000000000000027,0.12,-0.14000000000000007,-0.37000000000000005,-0.030000000000000027
301,0,0.16999999999999993,-0.010000000000000009,-0.15000000000000008,-0.4,-0.10000000000000003
302,0,-0.010000000000000009,-0.10000000000000003,-0.10000000000000003,-0.25000000000000006,0.019999999999999907
303,0,-0.21000000000000008,0.039999999999999925,-0.09000000000000008,-0.43000000000000005,-0.040000000000000036
304,0,0.20999999999999996,0.24,-0.050000000000000044,-0.16000000000000003,-0.020000000000000018
305,0,0.20999999999999996,0.30999999999999994,-0.09000000000000008,-0.19000000000000006,-0.08000000000000007
306,0,-0.21000000000000008,-0.10000000000000003,-0.07000000000000006,-0.41000000000000003,-0.010000000000000009
307,0,-0.13000000000000006,-0.050000000000000044,-0.08000000000000007,-0.42000000000000004,-0.06000000000000005
308,0,0.009999999999999898,0.04999999999999993,-0.11000000000000004,-0.30000000000000004,-0.06000000000000005
309,0,0.06999999999999995,0.05999999999999994,-0.14000000000000007,-0.44000000000000006,-0.040000000000000036
310,1,-0.31000000000000005,-0.16000000000000003,-0.050000000000000044,-0.38000000000000006,-0.06000000000000005
311,0,0.0,0.05999999999999994,-0.030000000000000027,-0.32000000000000006,0.009999999999999898
312,0,0.019999999999999907,0.039999999999999925,-0.050000000000000044,-0.32000000000000006,-0.030000000000000027
313,0,0.1499999999999999,0.029999999999999916,-0.030000000000000027,-0.41000000000000003,-0.07000000000000006
314,0,-0.10000000000000003,-0.21000000000000008,-0.23000000000000004,-0.39,-0.010000000000000009
315,0,-0.020000000000000018,-0.010000000000000009,-0.14000000000000007,-0.3400000000000001,-0.08000000000000007
316,0,-0.17000000000000004,-0.12000000000000005,-0.28,-0.44000000000000006,-0.10000000000000003
317,1,-0.23000000000000004,-0.12000000000000005,-0.07000000000000006,-0.48000000000000004,-0.08000000000000007
318,1,0.25,0.2599999999999999,-0.15000000000000008,-0.20000000000000007,-0.17000000000000004
319,0,0.1299999999999999,0.039999999999999925,-0.050000000000000044,-0.43000000000000005,-0.040000000000000036
320,0,-0.10000000000000003,-0.08000000000000007,-0.12000000000000005,-0.3500000000000001,-0.010000000000000009
321,1,-0.21000000000000008,-0.20000000000000007,0.009999999999999898,-0.39,-0.040000000000000036
322,0,0.17999999999999994,0.15999999999999992,-0.09000000000000008,-0.31000000000000005,0.009999999999999898
323,0,-0.020000000000000018,0.009999999999999898,-0.040000000000000036,-0.37000000000000005,0.029999999999999916
324,0,-0.14000000000000007,-0.040000000000000036,-0.16000000000000003,-0.39,-0.06000000000000005
325,0,0.35,0.20999999999999996,-0.22000000000000003,-0.09000000000000008,-0.040000000000000036
326,0,0.25,0.33999999999999997,-0.17000000000000004,-0.15000000000000008,-0.030000000000000027
327,1,-0.11000000000000004,-0.16000000000000003,0.0,-0.42000000000000004,-0.020000000000000018
328,1,-0.09000000000000008,-0.09000000000000008,0.019999999999999907,-0.4,-0.07000000000000006
329,1,-0.15000000000000008,-0.17000000000000004,-0.050000000000000044,-0.040000000000000036,-0.07000000000000006
330,0,-0.19000000000000006,-0.22000000000000003,-0.24000000000000005,-0.3400000000000001,0.0
331,0,0.1299999999999999,0.039999999999999925,-0.06000000000000005,-0.25000000000000006,-0.010000000000000009
332,0,-0.21000000000000008,0.0,-0.20000000000000007,-0.26000000000000006,-0.030000000000000027
333,0,0.2799999999999999,0.09999999999999998,-0.20000000000000007,0.21999999999999997,-0.07000000000000006
334,0,-0.050000000000000044,0.019999999999999907,-0.020000000000000018,-0.2700000000000001,-0.030000000000000027
335,1,-0.19000000000000006,-0.13000000000000006,0.05999999999999994,-0.29000000000000004,-0.08000000000000007
336,0,-0.010000000000000009,0.09999999999999998,0.009999999999999898,-0.24000000000000005,0.009999999999999898
337,0,-0.08000000000000007,-0.21000000000000008,-0.14000000000000007,-0.3500000000000001,0.009999999999999898
338,0,0.05999999999999994,0.019999999999999907,-0.040000000000000036,-0.41000000000000003,-0.040000000000000036
339,1,0.0,0.029999999999999916,-0.030000000000000027,-0.4,-0.32000000000000006
340,0,-0.12000000000000005,-0.050000000000000044,-0.19000000000000006,-0.41000000000000003,-0.050000000000000044
341,1,-0.12000000000000005,-0.12000000000000005,-0.07000000000000006,-0.41000000000000003,-0.10000000000000003
342,1,-0.06000000000000005,-0.06000000000000005,-0.08000000000000007,-0.39,-0.09000000000000008
343,0,0.039999999999999925,0.039999999999999925,-0.07000000000000006,-0.26000000000000006,-0.030000000000000027
344,0,-0.07000000000000006,-0.10000000000000003,-0.22000000000000003,-0.3500000000000001,-0.010000000000000009
345,0,-0.21000000000000008,0.12,0.009999999999999898,-0.16000000000000003,-0.030000000000000027
346,0,0.1399999999999999,0.1299999999999999,-0.13000000000000006,-0.23000000000000004,0.019999999999999907
347,1,-0.33000000000000007,-0.26000000000000006,0.019999999999999907,-0.3400000000000001,-0.08000000000000007
348,1,-0.11000000000000004,-0.14000000000000007,-0.040000000000000036,-0.36000000000000004,-0.06000000000000005
349,1,-0.050000000000000044,-0.21000000000000008,-0.10000000000000003,-0.41000000000000003,-0.050000000000000044
350,1,-0.14000000000000007,-0.17000000000000004,-0.09000000000000008,-0.43000000000000005,-0.06000000000000005
351,1,-0.24000000000000005,-0.18000000000000005,-0.040000000000000036,-0.36000000000000004,-0.040000000000000036
352,1,0.029999999999999916,0.08999999999999997,-0.040000000000000036,-0.26000000000000006,-0.10000000000000003
353,0,-0.15000000000000008,-0.040000000000000036,-0.15000000000000008,-0.45000000000000007,-0.020000000000000018
354,1,-0.19000000000000006,-0.23000000000000004,-0.06000000000000005,-0.44000000000000006,-0.050000000000000044
355,0,-0.11000000000000004,0.0,-0.07000000000000006,-0.39,-0.040000000000000036
356,0,0.0,-0.020000000000000018,0.029999999999999916,-0.42000000000000004,-0.040000000000000036
357,1,-0.25000000000000006,-0.25000000000000006,-0.020000000000000018,-0.38000000000000006,-0.040000000000000036
358,0,-0.29000000000000004,-0.050000000000000044,-0.09000000000000008,-0.21000000000000008,-0.07000000000000006
359,1,-0.020000000000000018,0.0,0.009999999999999898,-0.38000000000000006,-0.11000000000000004
360,0,-0.39,-0.18000000000000005,-0.11000000000000004,-0.4700000000000001,-0.020000000000000018
361,1,-0.13000000000000006,-0.050000000000000044,-0.020000000000000018,-0.41000000000000003,-0.11000000000000004
362,1,0.039999999999999925,-0.16000000000000003,0.029999999999999916,-0.38000000000000006,-0.08000000000000007
363,0,0.35,0.1299999999999999,0.009999999999999898,-0.11000000000000004,0.0
364,1,-0.18000000000000005,-0.09000000000000008,-0.030000000000000027,-0.44000000000000006,-0.08000000000000007
365,0,0.029999999999999916,-0.13000000000000006,-0.040000000000000036,-0.37000000000000005,-0.010000000000000009
366,0,0.07999999999999996,-0.030000000000000027,-0.11000000000000004,-0.43000000000000005,-0.030000000000000027
367,1,-0.07000000000000006,-0.25000000000000006,-0.22000000000000003,-0.43000000000000005,-0.040000000000000036
368,0,-0.040000000000000036,-0.050000000000000044,-0.050000000000000044,-0.44000000000000006,-0.050000000000000044
369,0,-0.07000000000000006,-0.13000000000000006,-0.08000000000000007,-0.41000000000000003,-0.010000000000000009
370,0,-0.07000000000000006,-0.09000000000000008,-0.040000000000000036,-0.4,-0.030000000000000027
371,1,-0.08000000000000007,-0.17000000000000004,-0.07000000000000006,-0.38000000000000006,-0.050000000000000044
372,1,-0.12000000000000005,-0.22000000000000003,-0.010000000000000009,-0.38000000000000006,-0.040000000000000036
373,0,-0.13000000000000006,-0.020000000000000018,0.019999999999999907,-0.4,-0.06000000000000005
374,1,-0.07000000000000006,-0.14000000000000007,-0.020000000000000018,-0.39,-0.06000000000000005
375,0,-0.22000000000000003,0.09999999999999998,-0.050000000000000044,-0.4,-0.09000000000000008
376,1,-0.36000000000000004,-0.22000000000000003,-0.23000000000000004,-0.4600000000000001,-0.08000000000000007
377,0,0.17999999999999994,-0.030000000000000027,-0.06000000000000005,-0.48000000000000004,-0.010000000000000009
378,0,0.1299999999999999,-0.08000000000000007,-0.18000000000000005,-0.41000000000000003,-0.010000000000000009
379,0,-0.26000000000000006,-0.06000000000000005,-0.09000000000000008,-0.45000000000000007,-0.10000000000000003
380,0,-0.12000000000000005,-0.050000000000000044,-0.08000000000000007,-0.18000000000000005,-0.040000000000000036
381,1,-0.25000000000000006,-0.11000000000000004,-0.06000000000000005,-0.39,-0.07000000000000006
382,1,-0.010000000000000009,-0.15000000000000008,0.0,-0.3500000000000001,-0.040000000000000036
383,1,-0.16000000000000003,-0.22000000000000003,-0.040000000000000036,-0.39,-0.09000000000000008
384,0,-0.16000000000000003,-0.08000000000000007,-0.06000000000000005,-0.39,-0.020000000000000018
385,1,0.019999999999999907,-0.08000000000000007,0.0,-0.4600000000000001,-0.10000000000000003
386,1,0.019999999999999907,-0.08000000000000007,0.0,-0.44000000000000006,-0.10000000000000003
387,0,0.019999999999999907,-0.11000000000000004,-0.08000000000000007,-0.32000000000000006,-0.040000000000000036
388,1,0.019999999999999907,-0.15000000000000008,-0.050000000000000044,-0.30000000000000004,-0.050000000000000044
389,1,-0.15000000000000008,0.039999999999999925,-0.030000000000000027,-0.2700000000000001,-0.09000000000000008
390,0,0.1299999999999999,-0.06000000000000005,-0.07000000000000006,-0.14000000000000007,-0.07000000000000006
391,0,-0.18000000000000005,-0.07000000000000006,0.04999999999999993,-0.43000000000000005,-0.020000000000000018
392,0,0.039999999999999925,-0.08000000000000007,-0.12000000000000005,-0.040000000000000036,-0.020000000000000018
393,1,-0.09000000000000008,-0.07000000000000006,0.06999999999999995,-0.39,-0.25000000000000006
394,1,-0.28,-0.050000000000000044,-0.010000000000000009,-0.45000000000000007,-0.10000000000000003
395,0,0.0,0.009999999999999898,0.06999999999999995,-0.17000000000000004,0.029999999999999916
396,1,-0.3500000000000001,-0.18000000000000005,-0.07000000000000006,-0.4,-0.050000000000000044
397,0,-0.10000000000000003,0.009999999999999898,0.009999999999999898,-0.41000000000000003,-0.040000000000000036
398,0,-0.13000000000000006,-0.14000000000000007,-0.020000000000000018,-0.3400000000000001,0.009999999999999898
399,0,0.009999999999999898,0.029999999999999916,-0.06000000000000005,0.019999999999999907,-0.030000000000000027
400,1,-0.08000000000000007,-0.22000000000000003,-0.09000000000000008,-0.42000000000000004,-0.09000000000000008
401,1,-0.21000000000000008,-0.16000000000000003,-0.030000000000000027,-0.38000000000000006,-0.14000000000000007
402,1,-0.09000000000000008,-0.11000000000000004,-0.030000000000000027,0.05999999999999994,-0.10000000000000003
403,0,-0.030000000000000027,-0.13000000000000006,-0.09000000000000008,-0.41000000000000003,0.019999999999999907
404,0,-0.10000000000000003,-0.11000000000000004,0.0,-0.4,0.0
405,1,-0.12000000000000005,-0.14000000000000007,0.05999999999999994,-0.42000000000000004,-0.010000000000000009
406,1,-0.19000000000000006,-0.22000000000000003,0.019999999999999907,-0.32000000000000006,-0.12000000000000005
407,1,-0.19000000000000006,-0.22000000000000003,0.019999999999999907,-0.32000000000000006,-0.12000000000000005
408,1,-0.17000000000000004,-0.17000000000000004,-0.010000000000000009,-0.040000000000000036,-0.19000000000000006
409,1,-0.17000000000000004,-0.17000000000000004,-0.010000000000000009,-0.040000000000000036,-0.19000000000000006
410,0,-0.08000000000000007,-0.10000000000000003,-0.18000000000000005,-0.2700000000000001,-0.030000000000000027
411,0,-0.08000000000000007,0.009999999999999898,-0.06000000000000005,-0.4700000000000001,-0.040000000000000036
412,0,0.04999999999999993,0.009999999999999898,-0.11000000000000004,-0.3500000000000001,-0.06000000000000005
413,1,0.0,-0.12000000000000005,0.0,-0.37000000000000005,-0.020000000000000018
414,0,-0.050000000000000044,0.06999999999999995,-0.26000000000000006,-0.21000000000000008,-0.030000000000000027
415,0,-0.030000000000000027,0.12,-0.22000000000000003,-0.14000000000000007,-0.020000000000000018
416,1,-0.19000000000000006,-0.3400000000000001,0.07999999999999996,-0.21000000000000008,-0.09000000000000008
417,1,-0.050000000000000044,-0.08000000000000007,0.019999999999999907,-0.3400000000000001,-0.06000000000000005
418,1,-0.07000000000000006,-0.19000000000000006,0.029999999999999916,-0.39,-0.050000000000000044
419,1,-0.050000000000000044,-0.08000000000000007,0.019999999999999907,-0.3400000000000001,-0.06000000000000005
420,0,-0.030000000000000027,-0.030000000000000027,-0.030000000000000027,-0.39,-0.07000000000000006
421,0,-0.2700000000000001,0.12,-0.09000000000000008,-0.30000000000000004,-0.09000000000000008
422,0,-0.06000000000000005,-0.11000000000000004,-0.07000000000000006,-0.41000000000000003,-0.010000000000000009
423,1,-0.23000000000000004,-0.28,-0.25000000000000006,-0.32000000000000006,-0.030000000000000027
424,0,0.2899999999999999,0.2899999999999999,-0.26000000000000006,-0.25000000000000006,-0.010000000000000009
425,1,-0.13000000000000006,-0.17000000000000004,-0.050000000000000044,-0.28,-0.16000000000000003
426,0,0.04999999999999993,-0.020000000000000018,-0.07000000000000006,-0.4,-0.020000000000000018
427,1,-0.22000000000000003,-0.21000000000000008,0.04999999999999993,-0.37000000000000005,-0.040000000000000036
428,1,-0.010000000000000009,-0.030000000000000027,0.0,-0.2700000000000001,-0.08000000000000007
429,0,0.09999999999999998,0.05999999999999994,-0.040000000000000036,-0.39,-0.07000000000000006
430,0,-0.12000000000000005,-0.15000000000000008,0.019999999999999907,-0.36000000000000004,0.009999999999999898
431,0,-0.19000000000000006,0.05999999999999994,-0.22000000000000003,-0.31000000000000005,-0.050000000000000044
432,0,-0.11000000000000004,0.0,-0.050000000000000044,0.07999999999999996,-0.020000000000000018
433,0,-0.18000000000000005,-0.10000000000000003,-0.040000000000000036,0.18999999999999995,-0.06000000000000005
434,0,0.04999999999999993,-0.020000000000000018,-0.07000000000000006,-0.37000000000000005,-0.020000000000000018
435,0,-0.12000000000000005,-0.030000000000000027,-0.040000000000000036,-0.19000000000000006,-0.06000000000000005
436,0,-0.12000000000000005,-0.030000000000000027,-0.040000000000000036,-0.19000000000000006,-0.06000000000000005
437,1,-0.24000000000000005,-0.22000000000000003,0.04999999999999993,-0.39,-0.040000000000000036
438,1,-0.22000000000000003,-0.22000000000000003,0.04999999999999993,-0.38000000000000006,-0.040000000000000036
439,0,-0.050000000000000044,0.12,-0.07000000000000006,0.029999999999999916,-0.020000000000000018
440,1,-0.15000000000000008,-0.26000000000000006,-0.07000000000000006,-0.28,-0.020000000000000018
441,1,-0.15000000000000008,-0.13000000000000006,-0.06000000000000005,-0.28,-0.06000000000000005
442,0,-0.26000000000000006,-0.06000000000000005,-0.22000000000000003,-0.30000000000000004,-0.050000000000000044
443,0,-0.07000000000000006,-0.16000000000000003,-0.22000000000000003,-0.30000000000000004,-0.06000000000000005
444,0,-0.22000000000000003,-0.16000000000000003,-0.26000000000000006,-0.33000000000000007,-0.050000000000000044
445,0,-0.13000000000000006,-0.12000000000000005,-0.26000000000000006,-0.38000000000000006,-0.050000000000000044
446,0,-0.13000000000000006,-0.11000000000000004,-0.19000000000000006,-0.44000000000000006,-0.08000000000000007
447,0,-0.11000000000000004,0.009999999999999898,-0.26000000000000006,-0.39,-0.050000000000000044
448,0,-0.11000000000000004,0.009999999999999898,-0.26000000000000006,-0.39,-0.050000000000000044
449,0,-0.14000000000000007,-0.12000000000000005,-0.23000000000000004,-0.39,-0.020000000000000018
450,1,-0.040000000000000036,-0.06000000000000005,-0.030000000000000027,-0.4600000000000001,-0.08000000000000007
451,0,-0.030000000000000027,0.0,-0.07000000000000006,-0.10000000000000003,-0.040000000000000036
452,0,-0.11000000000000004,-0.020000000000000018,-0.020000000000000018,0.05999999999999994,-0.030000000000000027
453,1,-0.050000000000000044,-0.13000000000000006,0.06999999999999995,-0.38000000000000006,-0.040000000000000036
454,0,-0.050000000000000044,-0.040000000000000036,-0.08000000000000007,-0.06000000000000005,-0.050000000000000044
455,0,-0.010000000000000009,-0.07000000000000006,-0.06000000000000005,-0.10000000000000003,-0.040000000000000036
456,0,-0.06000000000000005,-0.10000000000000003,-0.040000000000000036,-0.4,-0.040000000000000036
457,0,-0.06000000000000005,-0.030000000000000027,-0.11000000000000004,-0.12000000000000005,-0.07000000000000006
458,0,-0.11000000000000004,0.029999999999999916,-0.030000000000000027,0.17999999999999994,-0.09000000000000008
459,0,0.009999999999999898,0.04999999999999993,-0.010000000000000009,0.10999999999999999,-0.08000000000000007
460,1,-0.020000000000000018,-0.11000000000000004,0.05999999999999994,-0.43000000000000005,-0.040000000000000036
461,0,0.10999999999999999,-0.050000000000000044,-0.030000000000000027,-0.28,-0.050000000000000044
462,0,-0.21000000000000008,-0.07000000000000006,-0.09000000000000008,-0.3400000000000001,-0.06000000000000005
463,1,-0.09000000000000008,0.06999999999999995,0.09999999999999998,-0.11000000000000004,-0.19000000000000006
464,1,-0.050000000000000044,-0.22000000000000003,-0.13000000000000006,-0.38000000000000006,-0.08000000000000007
465,1,0.0,-0.11000000000000004,0.029999999999999916,-0.42000000000000004,-0.050000000000000044
466,1,-0.11000000000000004,-0.18000000000000005,0.029999999999999916,-0.38000000000000006,-0.12000000000000005
467,0,-0.13000000000000006,-0.050000000000000044,0.039999999999999925,-0.31000000000000005,-0.010000000000000009
468,0,-0.09000000000000008,0.029999999999999916,-0.13000000000000006,-0.43000000000000005,0.0
469,0,-0.16000000000000003,-0.11000000000000004,-0.14000000000000007,-0.39,-0.020000000000000018
470,0,0.32999999999999996,0.25,-0.20000000000000007,0.1499999999999999,-0.010000000000000009
471,1,0.019999999999999907,-0.010000000000000009,-0.040000000000000036,-0.3400000000000001,-0.12000000000000005
472,0,0.029999999999999916,0.009999999999999898,-0.10000000000000003,-0.42000000000000004,-0.040000000000000036
473,0,-0.07000000000000006,-0.15000000000000008,-0.24000000000000005,-0.3500000000000001,-0.06000000000000005
474,0,-0.21000000000000008,-0.030000000000000027,-0.21000000000000008,-0.23000000000000004,-0.06000000000000005
475,1,-0.14000000000000007,-0.24000000000000005,0.04999999999999993,-0.43000000000000005,-0.42000000000000004
476,0,-0.06000000000000005,-0.10000000000000003,-0.14000000000000007,-0.24000000000000005,0.0
477,0,0.12,-0.06000000000000005,-0.13000000000000006,-0.29000000000000004,0.04999999999999993
478,1,-0.06000000000000005,-0.11000000000000004,-0.07000000000000006,-0.26000000000000006,-0.09000000000000008
479,1,-0.10000000000000003,-0.15000000000000008,-0.06000000000000005,-0.12000000000000005,-0.030000000000000027
480,0,-0.24000000000000005,-0.20000000000000007,-0.22000000000000003,-0.37000000000000005,-0.010000000000000009
481,0,-0.16000000000000003,-0.050000000000000044,-0.14000000000000007,-0.43000000000000005,-0.11000000000000004
482,0,0.1399999999999999,0.16999999999999993,-0.19000000000000006,-0.19000000000000006,-0.08000000000000007
483,0,0.25,0.19999999999999996,-0.24000000000000005,-0.19000000000000006,-0.050000000000000044
484,0,0.08999999999999997,0.04999999999999993,-0.17000000000000004,-0.26000000000000006,0.009999999999999898
485,0,-0.09000000000000008,-0.13000000000000006,-0.21000000000000008,-0.24000000000000005,-0.020000000000000018
486,1,-0.14000000000000007,-0.31000000000000005,0.039999999999999925,-0.42000000000000004,-0.11000000000000004
487,1,-0.33000000000000007,-0.22000000000000003,-0.15000000000000008,-0.28,-0.06000000000000005
488,0,0.2899999999999999,0.0,-0.23000000000000004,-0.18000000000000005,-0.010000000000000009
489,1,-0.22000000000000003,-0.25000000000000006,0.039999999999999925,-0.19000000000000006,-0.06000000000000005
490,0,0.029999999999999916,-0.030000000000000027,-0.09000000000000008,-0.30000000000000004,-0.030000000000000027
491,0,0.10999999999999999,0.06999999999999995,-0.22000000000000003,-0.15000000000000008,0.039999999999999925
492,0,0.1399999999999999,0.16999999999999993,-0.18000000000000005,-0.20000000000000007,-0.020000000000000018
493,1,-0.020000000000000018,-0.050000000000000044,-0.020000000000000018,-0.040000000000000036,-0.09000000000000008
494,0,-0.030000000000000027,-0.06000000000000005,-0.020000000000000018,0.0,-0.07000000000000006
495,0,0.2799999999999999,0.06999999999999995,-0.18000000000000005,-0.33000000000000007,-0.030000000000000027
496,0,0.32999999999999996,0.20999999999999996,-0.20000000000000007,-0.22000000000000003,-0.12000000000000005
497,1,-0.08000000000000007,-0.13000000000000006,-0.11000000000000004,-0.39,-0.08000000000000007
498,1,-0.20000000000000007,-0.21000000000000008,-0.09000000000000008,-0.3400000000000001,-0.12000000000000005
499,0,0.009999999999999898,-0.07000000000000006,-0.08000000000000007,-0.4,-0.050000000000000044
500,0,-0.13000000000000006,-0.040000000000000036,-0.030000000000000027,-0.040000000000000036,-0.07000000000000006
501,0,-0.18000000000000005,-0.07000000000000006,-0.020000000000000018,0.43999999999999995,-0.06000000000000005
502,1,-0.13000000000000006,-0.24000000000000005,0.0,-0.29000000000000004,-0.09000000000000008
503,1,0.2799999999999999,0.30999999999999994,-0.11000000000000004,-0.020000000000000018,-0.28
504,0,-0.29000000000000004,0.0,0.0,-0.38000000000000006,-0.040000000000000036
505,0,0.32999999999999996,0.2599999999999999,0.039999999999999925,-0.07000000000000006,-0.010000000000000009
506,0,0.29999999999999993,0.36,-0.06000000000000005,-0.19000000000000006,-0.030000000000000027
507,0,-0.19000000000000006,-0.010000000000000009,-0.2700000000000001,-0.24000000000000005,-0.050000000000000044
508,1,0.30999999999999994,0.2699999999999999,0.009999999999999898,-0.20000000000000007,-0.20000000000000007
509,1,-0.13000000000000006,-0.11000000000000004,-0.020000000000000018,-0.42000000000000004,-0.06000000000000005
510,0,-0.040000000000000036,-0.08000000000000007,-0.020000000000000018,-0.28,-0.020000000000000018
511,0,0.20999999999999996,0.039999999999999925,-0.14000000000000007,-0.23000000000000004,0.009999999999999898
512,0,0.19999999999999996,0.17999999999999994,0.0,-0.22000000000000003,-0.050000000000000044
513,0,0.019999999999999907,0.19999999999999996,-0.16000000000000003,-0.19000000000000006,-0.020000000000000018
514,0,0.3799999999999999,0.039999999999999925,-0.23000000000000004,-0.07000000000000006,-0.020000000000000018
515,1,-0.20000000000000007,-0.12000000000000005,0.009999999999999898,-0.38000000000000006,-0.14000000000000007
516,0,-0.14000000000000007,-0.050000000000000044,-0.17000000000000004,-0.3400000000000001,-0.07000000000000006
517,1,-0.040000000000000036,-0.08000000000000007,0.019999999999999907,-0.010000000000000009,-0.08000000000000007
518,1,-0.14000000000000007,-0.24000000000000005,-0.08000000000000007,-0.4,-0.010000000000000009
519,1,-0.13000000000000006,-0.18000000000000005,-0.050000000000000044,-0.32000000000000006,-0.10000000000000003
520,0,-0.08000000000000007,0.009999999999999898,-0.040000000000000036,0.04999999999999993,-0.050000000000000044
521,1,0.2699999999999999,-0.030000000000000027,-0.040000000000000036,-0.36000000000000004,-0.08000000000000007
522,1,-0.20000000000000007,-0.22000000000000003,-0.10000000000000003,-0.37000000000000005,-0.040000000000000036
523,0,-0.050000000000000044,-0.13000000000000006,-0.09000000000000008,-0.37000000000000005,-0.040000000000000036
524,0,-0.020000000000000018,-0.020000000000000018,-0.07000000000000006,-0.42000000000000004,0.0
525,1,-0.12000000000000005,-0.15000000000000008,-0.12000000000000005,-0.43000000000000005,-0.07000000000000006
526,0,-0.040000000000000036,0.05999999999999994,-0.020000000000000018,-0.37000000000000005,-0.06000000000000005
527,1,-0.10000000000000003,-0.16000000000000003,-0.18000000000000005,-0.38000000000000006,-0.07000000000000006
528,1,0.12,-0.06000000000000005,-0.010000000000000009,0.08999999999999997,-0.10000000000000003
529,0,-0.030000000000000027,-0.12000000000000005,-0.09000000000000008,-0.3400000000000001,-0.030000000000000027
530,0,-0.08000000000000007,-0.08000000000000007,-0.06000000000000005,-0.09000000000000008,-0.010000000000000009
531,1,-0.10000000000000003,-0.42000000000000004,-0.20000000000000007,-0.3500000000000001,-0.06000000000000005
532,0,-0.06000000000000005,-0.11000000000000004,-0.08000000000000007,-0.39,-0.06000000000000005
533,0,-0.12000000000000005,-0.030000000000000027,-0.13000000000000006,-0.39,-0.020000000000000018
534,0,-0.10000000000000003,-0.09000000000000008,-0.10000000000000003,-0.4,-0.050000000000000044
535,0,-0.040000000000000036,-0.07000000000000006,0.009999999999999898,0.009999999999999898,-0.050000000000000044
536,0,0.05999999999999994,0.07999999999999996,0.0,-0.36000000000000004,-0.08000000000000007
537,1,-0.10000000000000003,-0.24000000000000005,0.019999999999999907,-0.39,0.04999999999999993
538,0,0.21999999999999997,-0.08000000000000007,-0.09000000000000008,-0.26000000000000006,-0.030000000000000027
539,1,-0.07000000000000006,0.05999999999999994,0.08999999999999997,-0.38000000000000006,-0.10000000000000003
540,1,-0.06000000000000005,-0.22000000000000003,0.05999999999999994,-0.37000000000000005,0.009999999999999898
541,0,-0.17000000000000004,-0.19000000000000006,-0.23000000000000004,-0.33000000000000007,-0.030000000000000027
542,1,-0.17000000000000004,-0.19000000000000006,0.0,-0.41000000000000003,-0.06000000000000005
543,1,-0.23000000000000004,-0.19000000000000006,-0.020000000000000018,-0.28,-0.030000000000000027
544,0,-0.17000000000000004,-0.19000000000000006,-0.23000000000000004,-0.33000000000000007,-0.040000000000000036
545,1,-0.23000000000000004,-0.18000000000000005,-0.030000000000000027,-0.30000000000000004,-0.040000000000000036
546,1,-0.08000000000000007,-0.050000000000000044,0.009999999999999898,-0.32000000000000006,-0.06000000000000005
547,0,-0.06000000000000005,0.05999999999999994,-0.020000000000000018,0.09999999999999998,-0.07000000000000006
548,0,-0.09000000000000008,-0.020000000000000018,-0.020000000000000018,-0.08000000000000007,-0.030000000000000027
549,0,0.15999999999999992,0.019999999999999907,-0.14000000000000007,-0.28,-0.08000000000000007
550,0,-0.15000000000000008,-0.15000000000000008,-0.050000000000000044,-0.37000000000000005,0.009999999999999898
551,0,0.25,0.08999999999999997,-0.040000000000000036,-0.15000000000000008,0.009999999999999898
552,1,-0.06000000000000005,-0.07000000000000006,-0.040000000000000036,-0.36000000000000004,-0.13000000000000006
553,1,-0.38000000000000006,-0.08000000000000007,-0.10000000000000003,-0.44000000000000006,-0.56
554,1,-0.30000000000000004,-0.18000000000000005,-0.040000000000000036,-0.20000000000000007,-0.08000000000000007
555,0,-0.030000000000000027,-0.050000000000000044,-0.050000000000000044,-0.45000000000000007,-0.07000000000000006
556,0,0.019999999999999907,-0.07000000000000006,-0.06000000000000005,-0.15000000000000008,0.009999999999999898
557,0,0.05999999999999994,0.039999999999999925,-0.09000000000000008,-0.4,-0.030000000000000027
558,0,0.12,0.019999999999999907,-0.050000000000000044,-0.37000000000000005,-0.020000000000000018
559,0,-0.16000000000000003,-0.040000000000000036,-0.030000000000000027,-0.040000000000000036,-0.050000000000000044
560,0,-0.050000000000000044,-0.09000000000000008,-0.15000000000000008,-0.12000000000000005,-0.06000000000000005
561,0,0.15999999999999992,0.0,-0.16000000000000003,-0.30000000000000004,-0.050000000000000044
562,0,-0.07000000000000006,-0.12000000000000005,-0.11000000000000004,-0.3400000000000001,-0.050000000000000044
563,1,-0.24000000000000005,-0.09000000000000008,-0.010000000000000009,-0.31000000000000005,-0.07000000000000006
564,0,-0.10000000000000003,0.009999999999999898,-0.040000000000000036,-0.28,-0.040000000000000036
565,0,-0.030000000000000027,-0.08000000000000007,-0.11000000000000004,-0.12000000000000005,-0.07000000000000006
566,0,-0.07000000000000006,-0.08000000000000007,-0.10000000000000003,0.06999999999999995,-0.040000000000000036
567,0,0.1399999999999999,-0.030000000000000027,-0.14000000000000007,-0.3400000000000001,-0.050000000000000044
568,0,0.12,0.12,-0.07000000000000006,-0.41000000000000003,-0.030000000000000027
569,0,-0.09000000000000008,0.039999999999999925,-0.21000000000000008,-0.3500000000000001,-0.040000000000000036
570,0,-0.010000000000000009,-0.07000000000000006,-0.11000000000000004,-0.38000000000000006,-0.07000000000000006
571,1,-0.16000000000000003,-0.030000000000000027,0.04999999999999993,-0.3500000000000001,-0.08000000000000007
572,0,0.009999999999999898,-0.12000000000000005,-0.14000000000000007,-0.36000000000000004,-0.020000000000000018
573,1,-0.16000000000000003,-0.09000000000000008,-0.08000000000000007,-0.38000000000000006,-0.10000000000000003
574,0,-0.22000000000000003,-0.020000000000000018,-0.020000000000000018,-0.43000000000000005,-0.040000000000000036
575,0,-0.13000000000000006,0.2699999999999999,-0.010000000000000009,-0.36000000000000004,-0.09000000000000008
576,0,-0.010000000000000009,0.08999999999999997,-0.06000000000000005,-0.28,-0.010000000000000009
577,1,-0.2700000000000001,-0.10000000000000003,-0.020000000000000018,-0.29000000000000004,-0.07000000000000006
578,1,-0.10000000000000003,-0.14000000000000007,0.039999999999999925,-0.3500000000000001,-0.16000000000000003
579,1,0.24,0.25,-0.010000000000000009,-0.21000000000000008,-0.14000000000000007
580,0,0.22999999999999998,0.17999999999999994,-0.07000000000000006,-0.23000000000000004,-0.08000000000000007
581,1,-0.11000000000000004,-0.08000000000000007,0.06999999999999995,0.10999999999999999,-0.08000000000000007
582,0,0.09999999999999998,-0.040000000000000036,-0.040000000000000036,-0.12000000000000005,0.0
583,1,-0.06000000000000005,-0.07000000000000006,0.029999999999999916,-0.09000000000000008,-0.07000000000000006
584,0,-0.020000000000000018,-0.040000000000000036,-0.020000000000000018,-0.36000000000000004,-0.010000000000000009
585,1,-0.19000000000000006,-0.25000000000000006,-0.030000000000000027,-0.4,-0.030000000000000027
586,1,-0.13000000000000006,-0.17000000000000004,0.029999999999999916,-0.43000000000000005,-0.15000000000000008
587,0,-0.08000000000000007,-0.09000000000000008,-0.020000000000000018,-0.010000000000000009,-0.050000000000000044
588,0,0.039999999999999925,0.029999999999999916,-0.11000000000000004,-0.33000000000000007,-0.010000000000000009
589,0,-0.11000000000000004,0.16999999999999993,-0.09000000000000008,0.08999999999999997,-0.020000000000000018
590,0,0.09999999999999998,-0.020000000000000018,-0.07000000000000006,-0.4,-0.020000000000000018
591,1,-0.10000000000000003,-0.010000000000000009,0.04999999999999993,-0.43000000000000005,-0.09000000000000008
592,0,-0.14000000000000007,-0.06000000000000005,-0.030000000000000027,-0.3400000000000001,-0.06000000000000005
593,0,0.09999999999999998,0.09999999999999998,-0.24000000000000005,-0.020000000000000018,-0.050000000000000044
594,0,0.17999999999999994,0.0,-0.21000000000000008,-0.20000000000000007,-0.050000000000000044
595,0,0.32999999999999996,-0.040000000000000036,-0.15000000000000008,-0.30000000000000004,-0.040000000000000036
596,1,0.10999999999999999,-0.050000000000000044,-0.020000000000000018,-0.3500000000000001,-0.13000000000000006
597,0,0.019999999999999907,-0.10000000000000003,-0.10000000000000003,-0.22000000000000003,-0.06000000000000005
598,0,-0.16000000000000003,0.12,-0.06000000000000005,0.2599999999999999,-0.12000000000000005
599,0,0.029999999999999916,0.009999999999999898,-0.13000000000000006,-0.30000000000000004,-0.050000000000000044
600,1,-0.17000000000000004,-0.26000000000000006,0.0,-0.44000000000000006,-0.030000000000000027
601,0,0.039999999999999925,0.05999999999999994,-0.020000000000000018,-0.16000000000000003,-0.06000000000000005
602,1,-0.20000000000000007,-0.16000000000000003,-0.030000000000000027,-0.08000000000000007,-0.08000000000000007
603,1,-0.050000000000000044,-0.14000000000000007,0.0,-0.18000000000000005,-0.10000000000000003
604,0,-0.15000000000000008,-0.020000000000000018,0.019999999999999907,-0.36000000000000004,-0.040000000000000036
605,1,0.009999999999999898,-0.16000000000000003,0.05999999999999994,-0.26000000000000006,-0.08000000000000007
606,1,-0.040000000000000036,-0.06000000000000005,0.029999999999999916,-0.25000000000000006,-0.06000000000000005
607,0,-0.14000000000000007,-0.030000000000000027,-0.030000000000000027,0.07999999999999996,-0.09000000000000008
608,1,-0.06000000000000005,-0.10000000000000003,0.07999999999999996,-0.20000000000000007,-0.07000000000000006
609,1,0.039999999999999925,-0.050000000000000044,0.039999999999999925,-0.18000000000000005,-0.040000000000000036
610,1,-0.11000000000000004,-0.18000000000000005,0.07999999999999996,-0.42000000000000004,-0.020000000000000018
611,1,0.039999999999999925,0.009999999999999898,0.07999999999999996,-0.040000000000000036,-0.09000000000000008
612,1,-0.030000000000000027,-0.14000000000000007,0.019999999999999907,-0.2700000000000001,-0.06000000000000005
613,1,-0.15000000000000008,-0.040000000000000036,-0.030000000000000027,-0.15000000000000008,-0.17000000000000004
614,0,-0.11000000000000004,-0.13000000000000006,0.06999999999999995,-0.16000000000000003,0.029999999999999916
615,1,-0.12000000000000005,-0.12000000000000005,0.10999999999999999,-0.21000000000000008,-0.08000000000000007
616,1,0.019999999999999907,-0.040000000000000036,0.04999999999999993,-0.23000000000000004,-0.18000000000000005
617,1,0.009999999999999898,0.04999999999999993,-0.010000000000000009,-0.29000000000000004,-0.12000000000000005
618,1,0.009999999999999898,0.019999999999999907,0.019999999999999907,-0.21000000000000008,-0.07000000000000006
619,0,0.07999999999999996,0.07999999999999996,0.0,-0.3500000000000001,-0.06000000000000005
620,1,0.0,-0.06000000000000005,0.04999999999999993,-0.07000000000000006,-0.10000000000000003
621,1,0.039999999999999925,-0.10000000000000003,0.029999999999999916,-0.4,-0.07000000000000006
622,1,-0.20000000000000007,-0.18000000000000005,0.0,-0.12000000000000005,-0.08000000000000007
623,1,-0.030000000000000027,-0.040000000000000036,0.04999999999999993,-0.21000000000000008,-0.06000000000000005
624,1,0.05999999999999994,0.029999999999999916,-0.020000000000000018,-0.09000000000000008,-0.10000000000000003
625,1,-0.010000000000000009,-0.06000000000000005,0.039999999999999925,-0.25000000000000006,-0.10000000000000003
626,0,0.019999999999999907,-0.030000000000000027,0.009999999999999898,-0.10000000000000003,-0.050000000000000044
627,1,0.08999999999999997,-0.030000000000000027,-0.010000000000000009,-0.040000000000000036,-0.09000000000000008
628,0,-0.18000000000000005,-0.020000000000000018,-0.020000000000000018,-0.15000000000000008,-0.050000000000000044
629,0,0.019999999999999907,-0.030000000000000027,-0.06000000000000005,-0.030000000000000027,-0.09000000000000008
630,1,0.04999999999999993,-0.10000000000000003,-0.050000000000000044,-0.19000000000000006,-0.050000000000000044
631,0,-0.010000000000000009,0.029999999999999916,-0.09000000000000008,0.07999999999999996,-0.020000000000000018
632,0,-0.020000000000000018,0.07999999999999996,-0.06000000000000005,-0.43000000000000005,-0.07000000000000006
633,0,-0.16000000000000003,0.17999999999999994,-0.07000000000000006,-0.4,-0.050000000000000044
634,0,0.19999999999999996,0.19999999999999996,-0.21000000000000008,-0.29000000000000004,-0.12000000000000005
635,0,-0.050000000000000044,0.0,-0.050000000000000044,-0.14000000000000007,-0.030000000000000027
636,1,-0.13000000000000006,-0.24000000000000005,-0.06000000000000005,-0.2700000000000001,-0.06000000000000005
637,1,-0.07000000000000006,-0.12000000000000005,-0.11000000000000004,-0.010000000000000009,-0.08000000000000007
638,0,-0.24000000000000005,-0.11000000000000004,-0.12000000000000005,-0.36000000000000004,-0.010000000000000009
639,0,-0.050000000000000044,0.039999999999999925,-0.050000000000000044,-0.30000000000000004,-0.020000000000000018
640,0,-0.07000000000000006,-0.10000000000000003,-0.14000000000000007,-0.10000000000000003,-0.010000000000000009
641,0,-0.06000000000000005,0.0,-0.07000000000000006,0.04999999999999993,-0.06000000000000005
642,1,-0.050000000000000044,-0.08000000000000007,-0.050000000000000044,-0.13000000000000006,-0.07000000000000006
643,1,-0.040000000000000036,-0.18000000000000005,0.05999999999999994,-0.44000000000000006,-0.15000000000000008
644,1,-0.030000000000000027,-0.16000000000000003,0.009999999999999898,-0.44000000000000006,-0.030000000000000027
645,1,-0.050000000000000044,0.0,0.05999999999999994,-0.32000000000000006,-0.040000000000000036
646,0,0.06999999999999995,0.039999999999999925,-0.06000000000000005,-0.29000000000000004,-0.010000000000000009
647,1,-0.10000000000000003,-0.12000000000000005,-0.030000000000000027,-0.25000000000000006,-0.08000000000000007
648,0,0.019999999999999907,0.009999999999999898,-0.020000000000000018,0.1299999999999999,-0.020000000000000018
649,0,0.04999999999999993,0.029999999999999916,-0.09000000000000008,-0.07000000000000006,-0.020000000000000018
650,1,0.06999999999999995,-0.09000000000000008,0.0,-0.44000000000000006,-0.06000000000000005
651,1,-0.010000000000000009,-0.030000000000000027,-0.020000000000000018,-0.16000000000000003,-0.08000000000000007
652,1,-0.15000000000000008,-0.09000000000000008,0.019999999999999907,0.05999999999999994,-0.06000000000000005
653,0,-0.12000000000000005,-0.030000000000000027,-0.030000000000000027,-0.19000000000000006,-0.050000000000000044
654,0,0.009999999999999898,-0.16000000000000003,-0.08000000000000007,-0.32000000000000006,-0.010000000000000009
655,0,-0.10000000000000003,-0.10000000000000003,0.0,-0.44000000000000006,-0.010000000000000009
656,1,-0.09000000000000008,-0.10000000000000003,-0.010000000000000009,-0.28,-0.12000000000000005
657,1,-0.17000000000000004,-0.21000000000000008,-0.07000000000000006,-0.39,-0.07000000000000006
658,1,0.019999999999999907,-0.18000000000000005,-0.16000000000000003,-0.3500000000000001,-0.06000000000000005
659,1,-0.030000000000000027,-0.15000000000000008,-0.06000000000000005,-0.32000000000000006,-0.09000000000000008
660,1,-0.13000000000000006,-0.16000000000000003,-0.06000000000000005,-0.38000000000000006,-0.06000000000000005
661,1,-0.15000000000000008,0.029999999999999916,-0.10000000000000003,-0.37000000000000005,-0.20000000000000007
662,0,0.019999999999999907,0.0,-0.040000000000000036,-0.31000000000000005,0.009999999999999898
663,0,-0.050000000000000044,0.08999999999999997,-0.030000000000000027,-0.37000000000000005,-0.07000000000000006
664,0,0.25,0.22999999999999998,-0.24000000000000005,-0.19000000000000006,-0.15000000000000008
665,0,-0.12000000000000005,-0.15000000000000008,-0.2700000000000001,-0.3500000000000001,-0.07000000000000006
666,1,-0.07000000000000006,0.039999999999999925,-0.010000000000000009,-0.39,-0.12000000000000005
667,1,0.0,0.06999999999999995,-0.040000000000000036,-0.36000000000000004,-0.22000000000000003
668,1,-0.14000000000000007,-0.28,0.009999999999999898,-0.38000000000000006,-0.14000000000000007
669,0,-0.050000000000000044,-0.10000000000000003,-0.020000000000000018,-0.15000000000000008,-0.030000000000000027
670,0,0.039999999999999925,-0.050000000000000044,-0.040000000000000036,-0.11000000000000004,-0.06000000000000005
671,1,-0.19000000000000006,-0.15000000000000008,-0.11000000000000004,-0.42000000000000004,-0.09000000000000008
672,1,-0.19000000000000006,-0.050000000000000044,0.009999999999999898,-0.16000000000000003,-0.08000000000000007
673,1,-0.20000000000000007,-0.17000000000000004,-0.010000000000000009,-0.30000000000000004,-0.07000000000000006
674,1,-0.06000000000000005,-0.20000000000000007,-0.030000000000000027,-0.15000000000000008,-0.010000000000000009
675,0,0.029999999999999916,0.019999999999999907,-0.17000000000000004,-0.040000000000000036,-0.06000000000000005
676,0,0.21999999999999997,0.06999999999999995,-0.030000000000000027,-0.43000000000000005,-0.020000000000000018
677,0,-0.09000000000000008,0.029999999999999916,-0.19000000000000006,-0.25000000000000006,-0.050000000000000044
678,0,-0.08000000000000007,0.05999999999999994,-0.040000000000000036,-0.26000000000000006,-0.050000000000000044
679,0,-0.030000000000000027,0.04999999999999993,-0.050000000000000044,-0.07000000000000006,-0.020000000000000018
680,0,-0.08000000000000007,-0.020000000000000018,-0.030000000000000027,0.039999999999999925,-0.030000000000000027
681,1,-0.23000000000000004,-0.10000000000000003,-0.030000000000000027,-0.2700000000000001,-0.06000000000000005
682,0,-0.20000000000000007,-0.12000000000000005,-0.050000000000000044,-0.39,0.039999999999999925
683,1,-0.17000000000000004,-0.22000000000000003,0.12,-0.26000000000000006,-0.06000000000000005
684,1,-0.45000000000000007,-0.15000000000000008,0.10999999999999999,-0.43000000000000005,-0.11000000000000004
685,0,-0.16000000000000003,-0.030000000000000027,-0.12000000000000005,-0.38000000000000006,-0.020000000000000018
686,0,-0.09000000000000008,-0.06000000000000005,-0.010000000000000009,-0.37000000000000005,0.05999999999999994
687,0,-0.21000000000000008,-0.06000000000000005,-0.12000000000000005,-0.29000000000000004,-0.050000000000000044
688,1,-0.20000000000000007,-0.26000000000000006,-0.06000000000000005,-0.37000000000000005,-0.010000000000000009
689,0,-0.07000000000000006,-0.12000000000000005,-0.050000000000000044,-0.38000000000000006,-0.040000000000000036
690,1,-0.21000000000000008,-0.12000000000000005,-0.020000000000000018,-0.30000000000000004,-0.040000000000000036
691,1,-0.13000000000000006,-0.28,-0.030000000000000027,-0.22000000000000003,-0.010000000000000009
692,0,-0.23000000000000004,-0.08000000000000007,-0.010000000000000009,-0.4,-0.030000000000000027
693,1,-0.11000000000000004,-0.3500000000000001,-0.07000000000000006,-0.32000000000000006,-0.10000000000000003
694,1,-0.12000000000000005,-0.22000000000000003,0.04999999999999993,-0.43000000000000005,-0.07000000000000006
695,0,0.30999999999999994,-0.09000000000000008,0.039999999999999925,-0.09000000000000008,0.029999999999999916
696,0,-0.26000000000000006,-0.010000000000000009,0.019999999999999907,-0.4,0.04999999999999993
697,1,-0.2700000000000001,-0.22000000000000003,-0.010000000000000009,-0.32000000000000006,-0.050000000000000044
698,0,0.18999999999999995,0.10999999999999999,-0.050000000000000044,-0.2700000000000001,-0.040000000000000036
699,0,-0.09000000000000008,-0.09000000000000008,-0.06000000000000005,-0.41000000000000003,-0.06000000000000005
